text,tweet_text,tweet_langague,anger,anger_score,anticipation,anticipation_score,disgust,disgust_score,fear,fear_score,joy,joy_score,sadness,sadness_score,surprise,surprise_score,trust,trust_score,nrc_sentiment,nrc_sentiment_score
The wind said Black Lives Matter ,"['The', 'wind', 'said', 'Black', 'Lives', 'Matter']",en,0.0,0.0,0.0,0.0,0.0,0.0,0.0,0.0,1.0,0.109,0.0,0.0,0.0,0.0,0.0,0.0,,0.0
it’s not just about George Floyd he was just the straw that broke the camels back . ,"['it', 'is', 'not', 'just', 'about', 'George', 'Floyd', 'he', 'was', 'just', 'the', 'straw', 'that', 'broke', 'the', 'camels', 'back']",en,0.0,0.0,0.0,0.0,0.0,0.0,1.0,0.43799999999999994,0.0,0.0,1.0,0.484,0.0,0.0,0.0,0.0,sadness,0.484
Every other basic response: “We stand with our black employees :)” Ben & Jerry’s: “WE GOTTA FUCKIN SMASH WHITE SUPREMACY. FUCK THE KKK AND FUCK YOU. BLACK LIVES MATTER. OUR NEW FLAVOR IS CALLED FUCK THE POLICE. ITS GOT BLUEBERRIES”,"['Every', 'other', 'basic', 'response', 'We', 'stand', 'with', 'our', 'black', 'employees', 'Ben', '&', 'jerry', 'is', 'WE', 'GOTTA', 'FUCKIN', 'SMASH', 'WHITE', 'SUPREMACY', 'FUCK', 'THE', 'KKK', 'AND', 'FUCK', 'YOU', 'BLACK', 'LIVES', 'MATTER', 'OUR', 'NEW', 'FLAVOR', 'IS', 'CALLED', 'FUCK', 'THE', 'POLICE', 'ITS', 'GOT', 'BLUEBERRIES']",en,0.0,0.0,0.0,0.0,0.0,0.0,0.0,0.0,0.0,0.0,1.0,0.281,0.0,0.0,0.0,0.0,,0.0
All 50 states plus 18 countries participated in #BlackLivesMatter protests as of today making it the largest civil rights movement in world history wow,"['All', '50', 'states', 'plus', '18', 'countries', 'participated', 'in', 'BlackLives', 'Matter', 'protests', 'as', 'of', 'today', 'making', 'it', 'the', 'largest', 'civil', 'rights', 'movement', 'in', 'world', 'history', 'wow']",en,0.0,0.0,0.0,0.0,0.0,0.0,0.0,0.0,0.0,0.0,0.0,0.0,0.0,0.0,0.0,0.0,,0.0
This shit is real this gave me chills #blacklivesmatter #GeorgeFloyd #dcprotest,"['This', 'shit', 'is', 'real', 'this', 'gave', 'me', 'chills', '#blacklivesmatter', 'George', 'Floyd', '#dcprotest']",en,1.0,0.573,0.0,0.0,1.0,0.82,0.0,0.0,0.0,0.0,0.0,0.0,0.0,0.0,1.0,0.6409999999999999,disgust,0.82
"Remember black lives matter not only when it comes to police brutality but in every aspect of society. BLM in the education system where schools receive insufficient funding. BLM in the health care system where too often black ppl, especially black women, receive improper care.","['Remember', 'black', 'lives', 'matter', 'not', 'only', 'when', 'it', 'comes', 'to', 'police', 'brutality', 'but', 'in', 'every', 'aspect', 'of', 'society', 'BLM', 'in', 'the', 'education', 'system', 'where', 'schools', 'receive', 'insufficient', 'funding', 'BLM', 'in', 'the', 'health', 'care', 'system', 'where', 'too', 'often', 'black', 'ppl', 'especially', 'black', 'women', 'receive', 'improper', 'care']",en,1.0,0.9590000000000001,0.0,0.0,0.0,0.0,2.0,1.25,1.0,0.493,9.0,0.8430000000000001,0.0,0.0,6.0,1.7730000000000001,trust,1.7730000000000001
when I say BLACK LIVES MATTER. I’m NOT talking about an organization. I AM talking about the literal black lives that have been stolen the past 400+ years documented and undocumented. I AM talking about the black lives of those still living. That’s all...,"['when', 'I', 'say', 'BLACK', 'LIVES', 'MATTER', 'i', 'am', 'NOT', 'talking', 'about', 'an', 'organization', 'I', 'AM', 'talking', 'about', 'the', 'literal', 'black', 'lives', 'that', 'have', 'been', 'stolen', 'the', 'past', '400', 'years', 'documented', 'and', 'undocumented', 'I', 'AM', 'talking', 'about', 'the', 'black', 'lives', 'of', 'those', 'still', 'living', 'that', 'is', 'all']",en,1.0,0.546,1.0,0.203,0.0,0.0,0.0,0.0,2.0,0.46799999999999997,4.0,0.562,1.0,0.125,1.0,0.516,sadness,0.562
The policeman said “You can record this because I need other people to hear this” Please stop blaming peaceful protestors and the Black Lives Matter movement for the destruction of various cities. A large amount of the destruction have come from white supremist groups. ,"['The', 'policeman', 'said', 'You', 'can', 'record', 'this', 'because', 'I', 'need', 'other', 'people', 'to', 'hear', 'this', 'Please', 'stop', 'blaming', 'peaceful', 'protestors', 'and', 'the', 'Black', 'Lives', 'Matter', 'movement', 'for', 'the', 'destruction', 'of', 'various', 'cities', 'A', 'large', 'amount', 'of', 'the', 'destruction', 'have', 'come', 'from', 'white', 'supremist', 'groups']",en,4.0,1.3119999999999998,2.0,0.656,0.0,0.0,5.0,1.715,2.0,0.745,0.0,0.0,1.0,0.086,3.0,1.4689999999999999,fear,1.715
"Since George Floyd was murdered 49 days ago, there have been AT LEAST 767 documented cases of police brutality. That’s almost 16 a day. ","['Since', 'George', 'Floyd', 'was', 'murdered', '49', 'days', 'ago', 'there', 'have', 'been', 'AT', 'LEAST', '767', 'documented', 'cases', 'of', 'police', 'brutality', 'that', 'is', 'almost', '16', 'a', 'day']",en,1.0,0.9590000000000001,0.0,0.0,0.0,0.0,2.0,1.25,0.0,0.0,0.0,0.0,0.0,0.0,1.0,0.484,fear,1.25
"look who my sister caught at Cub Foods in Plymouth. J. Alexander Keung, one of the officers who lynched #GeorgeFloyd in cold blood. ","['look', 'who', 'my', 'sister', 'caught', 'at', 'Cub', 'Foods', 'in', 'Plymouth', 'J.', 'Alexander', 'Keung', 'one', 'of', 'the', 'officers', 'who', 'lynched', 'GeorgeFloyd', 'in', 'cold', 'blood']",en,0.0,0.0,0.0,0.0,0.0,0.0,1.0,0.525,0.0,0.0,1.0,0.188,0.0,0.0,0.0,0.0,fear,0.525
We turned on the night light for him so he dreams about #BlackLivesMatter Plaza ,"['We', 'turned', 'on', 'the', 'night', 'light', 'for', 'him', 'so', 'he', 'dreams', 'about', 'BlackLives', 'Matter', 'Plaza']",en,0.0,0.0,0.0,0.0,0.0,0.0,0.0,0.0,2.0,0.8559999999999999,0.0,0.0,0.0,0.0,0.0,0.0,joy,0.8559999999999999
"2 of the police officers charged with aiding and abetting the murder of George Floyd were previously students in the Sociology dept. at the University of Minnesota. Yesterday, my dept. sent the grad students an email requesting we stay silent if contacted by media. Y’all. (1/n)","['2', 'of', 'the', 'police', 'officers', 'charged', 'with', 'aiding', 'and', 'abetting', 'the', 'murder', 'of', 'George', 'Floyd', 'were', 'previously', 'students', 'in', 'the', 'Sociology', 'dept.', 'at', 'the', 'University', 'of', 'Minnesota', 'Yesterday', 'my', 'dept', 'sent', 'the', 'grad', 'students', 'an', 'email', 'requesting', 'we', 'stay', 'silent', 'if', 'contacted', 'by', 'media', 'you', 'all', '1', '/n']",en,1.0,0.897,0.0,0.0,1.0,0.8390000000000001,2.0,1.234,0.0,0.0,1.0,0.828,1.0,0.617,1.0,0.484,fear,1.234
GRAPHIC VIDEO: @AllentownPolice held down this man’s face to the pavement and then one of its officers placed their knee on his neck!! This happened yesterday and is exactly what led to #GeorgeFloyd’s death. We need this officer’s name and badge #NOW. #ICantBreathe,"['GRAPHIC', 'VIDEO', '@', 'Allentown', 'Police', 'held', 'down', 'this', 'man', 'is', 'face', 'to', 'the', 'pavement', 'and', 'then', 'one', 'of', 'its', 'officers', 'placed', 'their', 'knee', 'on', 'his', 'neck', 'This', 'happened', 'yesterday', 'and', 'is', 'exactly', 'what', 'led', 'to', '#georgefloyd', ""'s"", 'death', 'We', 'need', 'this', 'officer', ""'s"", 'name', 'and', 'badge', 'NOW', 'ICantBreathe']",en,1.0,0.574,1.0,0.39799999999999996,1.0,0.6559999999999999,1.0,0.843,0.0,0.0,2.0,1.1960000000000002,1.0,0.578,3.0,1.429,trust,1.429
Add @BTS_twt to the list of artists taking a stand against racism and supporting #BlackLivesMatter. These guys have amazing souls and hearts though so it’s no surprise. Respect fellas! ,"['Add', '@', 'BTS_twt', 'to', 'the', 'list', 'of', 'artists', 'taking', 'a', 'stand', 'against', 'racism', 'and', 'supporting', 'BlackLivesMatter', 'These', 'guys', 'have', 'amazing', 'souls', 'and', 'hearts', 'though', 'so', 'it', 'is', 'no', 'surprise', 'Respect', 'fellas']",en,0.0,0.0,0.0,0.0,0.0,0.0,1.0,0.172,2.0,1.187,0.0,0.0,0.0,0.0,2.0,1.078,joy,1.187
"I send deep love & heartfelt condolence to the family of #GeorgeFloyd. We love you George &amp; hate how you died. God rest your soul &amp; bring justice to the man who murdered you. On the obscene pillaging &amp; rape of our cities ongoing, I stand with @realDonaldTrump.","['I', 'send', 'deep', 'love', '&', 'heartfelt', 'condolence', 'to', 'the', 'family', 'of', 'GeorgeFloyd', 'We', 'love', 'you', 'George', '&amp', 'hate', 'how', 'you', 'died', 'God', 'rest', 'your', 'soul', 'bring', 'justice', 'to', 'the', 'man', 'who', 'murdered', 'you', 'On', 'the', 'obscene', 'pillaging', 'rape', 'of', 'our', 'cities', 'ongoing', 'I', 'stand', 'with', '@realDonaldTrump']",en,2.0,1.722,1.0,0.414,3.0,2.2729999999999997,2.0,1.354,8.0,3.745,5.0,3.391,0.0,0.0,6.0,2.961,joy,3.745
If you have posted a black screen for #BlackOutTuesday on Instagram please remove the #/blacklivesmatter so that people who are receiving their information there can still find it. ,"['If', 'you', 'have', 'posted', 'a', 'black', 'screen', 'for', 'BlackOutTuesday', 'on', 'Instagram', 'please', 'remove', 'the', 'blacklivesmatter', 'so', 'that', 'people', 'who', 'are', 'receiving', 'their', 'information', 'there', 'can', 'still', 'find', 'it']",en,1.0,0.35100000000000003,1.0,0.6409999999999999,0.0,0.0,1.0,0.32799999999999996,1.0,0.287,2.0,0.562,1.0,0.258,0.0,0.0,anticipation,0.6409999999999999
Live - #GeorgeFloyd Peaceful Protests in Downtown Houston ,"['Live', 'GeorgeFloyd', 'Peaceful', 'Protests', 'in', 'Downtown', 'Houston']",en,0.0,0.0,0.0,0.0,0.0,0.0,0.0,0.0,0.0,0.0,0.0,0.0,0.0,0.0,0.0,0.0,,0.0
We demand the arrest of ALL the officers involved in the murder of #GeorgeFloyd! #WeAreDoneDying #JusticeForGeorgeFloyd,"['We', 'demand', 'the', 'arrest', 'of', 'ALL', 'the', 'officers', 'involved', 'in', 'the', 'murder', 'of', 'GeorgeFloyd', 'We', 'AreDoneDying', 'Justice', 'ForGeorge', 'Floyd']",en,2.0,1.3820000000000001,0.0,0.0,1.0,0.8390000000000001,1.0,0.9059999999999999,0.0,0.0,1.0,0.828,1.0,0.617,0.0,0.0,anger,1.3820000000000001
"I’m sorry, but as much as I want justice and peace for George Floyd and his family, that event earlier today was a DNC Convention that featured a funeral.","['i', 'am', 'sorry', 'but', 'as', 'much', 'as', 'I', 'want', 'justice', 'and', 'peace', 'for', 'George', 'Floyd', 'and', 'his', 'family', 'that', 'event', 'earlier', 'today', 'was', 'a', 'DNC', 'Convention', 'that', 'featured', 'a', 'funeral']",en,0.0,0.0,1.0,0.43,0.0,0.0,0.0,0.0,2.0,1.076,1.0,0.8440000000000001,0.0,0.0,2.0,1.313,trust,1.313
"Today, Starbucks banned their employees from representing or supporting BLACK LIVES MATTER via clothes. Today, my father opened his dream café. An East African infused shop. Support your local small black businesses! 634 S Front Street Mankato, MN 56001 ","['Today', 'Starbucks', 'banned', 'their', 'employees', 'from', 'representing', 'or', 'supporting', 'BLACK', 'LIVES', 'MATTER', 'via', 'clothes', 'Today', 'my', 'father', 'opened', 'his', 'dream', 'café', 'An', 'East', 'African', 'infused', 'shop', 'Support', 'your', 'local', 'small', 'black', 'businesses', '634', 'S', 'Front', 'Street', 'Mankato', 'MN', '56001']",en,0.0,0.0,1.0,0.39799999999999996,0.0,0.0,0.0,0.0,1.0,0.484,1.0,0.281,0.0,0.0,2.0,1.25,trust,1.25
"16 Y/O BRAD LEVI AYALA WAS HIT IN THE HEAD BY A SNIPER WHILE PEACEFULLY PROTESTING IN AUSTIN, TEXAS!! SIGNAL BOOST THIS, DONT LET THIS GO UNSEEN! HE WAS JUST STANDING THERE, IM FUCKING LIVID. #DictatorTrump #protests2020 #GeorgeFlyod #MartialLaw #BlackLivesMatter ","['16', 'Y/O', 'BRAD', 'LEVI', 'AYALA', 'WAS', 'HIT', 'IN', 'THE', 'HEAD', 'BY', 'A', 'SNIPER', 'WHILE', 'PEACEFULLY', 'PROTESTING', 'IN', 'AUSTIN', 'TEXAS', 'SIGNAL', 'BOOST', 'THIS', 'DO', 'NT', 'LET', 'THIS', 'GO', 'UNSEEN', 'HE', 'WAS', 'JUST', 'STANDING', 'THERE', 'IM', 'FUCKING', 'LIVID', 'DictatorTrump', '#protests2020', 'GeorgeFlyod', 'Martial', 'Law', 'BlackLivesMatter']",en,0.0,0.0,0.0,0.0,0.0,0.0,0.0,0.0,0.0,0.0,0.0,0.0,0.0,0.0,0.0,0.0,,0.0
Look at John McCain's Daughter making sense ..... #BlackLivesMatter ,"['Look', 'at', 'John', 'mccain', 'is', 'Daughter', 'making', 'sense', 'BlackLivesMatter']",en,0.0,0.0,0.0,0.0,0.0,0.0,0.0,0.0,0.0,0.0,0.0,0.0,0.0,0.0,0.0,0.0,,0.0
Saw this on Tik Tok and honestly broke my heart. We need to spread awareness. #BlackLivesMatters ,"['Saw', 'this', 'on', 'Tik', 'Tok', 'and', 'honestly', 'broke', 'my', 'heart', 'We', 'need', 'to', 'spread', 'awareness', 'BlackLivesMatters']",en,0.0,0.0,0.0,0.0,0.0,0.0,1.0,0.43799999999999994,1.0,0.547,1.0,0.484,0.0,0.0,1.0,0.609,trust,0.609
Black Lives Matter! Hispanic Lives Matter! Asian Lives Matter! Muslim Lives Matter. ....now here's the kicker. ...hold on and I hope you're sitting down this and get the kids out of the room cause what I'm gonna say will be rather explosive.....but ...White Lives Matter too.,"['Black', 'Lives', 'Matter', 'Hispanic', 'Lives', 'Matter', 'Asian', 'Lives', 'Matter', 'Muslim', 'Lives', 'Matter', 'now', 'here', 'is', 'the', 'kicker', 'on', 'and', 'I', 'hope', 'you', 'are', 'sitting', 'down', 'this', 'and', 'get', 'the', 'kids', 'out', 'of', 'the', 'room', 'cause', 'what', 'i', 'am', 'gon', 'na', 'say', 'will', 'be', 'rather', 'explosive', 'but', 'White', 'Lives', 'Matter', 'too']",en,1.0,0.894,2.0,1.296,0.0,0.0,1.0,0.8590000000000001,1.0,0.586,1.0,0.281,2.0,1.25,2.0,0.9690000000000001,anticipation,1.296
"Another remarkable visual: Peaceful #GeorgeFloyd demonstrators here outside the White House are now sitting, phone lights on, singing “Lean On Me” — all while military and federal police stand in front of military vehicles guarding the White House. ","['Another', 'remarkable', 'visual', 'Peaceful', 'George', 'Floyd', 'demonstrators', 'here', 'outside', 'the', 'White', 'House', 'are', 'now', 'sitting', 'phone', 'lights', 'on', 'singing', 'Lean', 'On', 'Me', 'all', 'while', 'military', 'and', 'federal', 'police', 'stand', 'in', 'front', 'of', 'military', 'vehicles', 'guarding', 'the', 'White', 'House']",en,0.0,0.0,0.0,0.0,0.0,0.0,5.0,1.0779999999999998,3.0,1.31,0.0,0.0,1.0,0.5,2.0,1.046,joy,1.31
Week four is underway in Detroit. #DetroitWillBreathe #BlackLivesMatter ,"['Week', 'four', 'is', 'underway', 'in', 'Detroit', 'DetroitWillBreathe', 'BlackLivesMatter']",en,0.0,0.0,0.0,0.0,0.0,0.0,0.0,0.0,0.0,0.0,0.0,0.0,0.0,0.0,0.0,0.0,,0.0
This woman lays waste to “Black Lives Matter” that looted her business as she watched #BLM https://twitter.com/Mus1yMustafa/status/1267852417409916928/video/1,"['This', 'woman', 'lays', 'waste', 'to', 'Black', 'Lives', 'Matter', 'that', 'looted', 'her', 'business', 'as', 'she', 'watched', 'BLM']",en,0.0,0.0,0.0,0.0,1.0,0.695,0.0,0.0,0.0,0.0,1.0,0.348,0.0,0.0,0.0,0.0,disgust,0.695
"On Tuesday, #GeorgeFloyd was killed by police in an incident in #Minneapolis, captured on video, where an officer knelt on his neck for nine minutes as he lay on the ground. George’s family say they want the “four officers involved in his death to be charged with #MURDER”.","['On', 'Tuesday', 'GeorgeFloyd', 'was', 'killed', 'by', 'police', 'in', 'an', 'incident', 'in', 'Minneapolis', 'captured', 'on', 'video', 'where', 'an', 'officer', 'knelt', 'on', 'his', 'neck', 'for', 'nine', 'minutes', 'as', 'he', 'lay', 'on', 'the', 'ground', 'george', 'is', 'family', 'say', 'they', 'want', 'the', 'four', 'officers', 'involved', 'in', 'his', 'death', 'to', 'be', 'charged', 'with', 'MURDER']",en,1.0,0.574,1.0,0.39799999999999996,1.0,0.6559999999999999,2.0,1.1709999999999998,1.0,0.5,1.0,0.915,2.0,1.055,3.0,1.4909999999999999,trust,1.4909999999999999
Most people already know that I express myself through my art/ nails so here’s my latest set. #BlackLivesMatter period. ,"['Most', 'people', 'already', 'know', 'that', 'I', 'express', 'myself', 'through', 'my', 'art', 'nails', 'so', 'here', 'is', 'my', 'latest', 'set', 'BlackLives', 'Matter', 'period']",en,0.0,0.0,1.0,0.391,0.0,0.0,0.0,0.0,1.0,0.23399999999999999,1.0,0.0,1.0,0.172,0.0,0.0,anticipation,0.391
"While he hides behind his fence afraid/alone, I stand w/ people peacefully exercising their First Amendment Right after the murder of #GeorgeFloyd &amp; hundreds of years of institutional racism There are no vicious dogs &amp; ominous weapons. There is just a scared man. Afraid/alone...","['While', 'he', 'hides', 'behind', 'his', 'fence', 'afraid', 'alone', 'I', 'stand', 'w/', 'people', 'peacefully', 'exercising', 'their', 'First', 'Amendment', 'Right', 'after', 'the', 'murder', 'of', 'GeorgeFloyd', 'hundreds', 'of', 'years', 'of', 'institutional', 'racism', 'There', 'are', 'no', 'vicious', 'dogs', 'ominous', 'weapons', 'There', 'is', 'just', 'a', 'scared', 'man', 'Afraid', 'alone']",en,2.0,1.7810000000000001,1.0,0.633,2.0,1.5580000000000003,4.0,3.078,1.0,0.594,5.0,2.028,1.0,0.617,0.0,0.0,fear,3.078
Just finished a 12 hour shift & I had no patience for the foolishness. Back to the message.. today is #Juneteenth &amp; #BlackLivesMatter! ,"['Just', 'finished', 'a', '12', 'hour', 'shift', '&', 'I', 'had', 'no', 'patience', 'for', 'the', 'foolishness', 'Back', 'to', 'the', 'message', 'today', 'is', 'Juneteenth', 'BlackLives', 'Matter']",en,0.0,0.0,1.0,0.42200000000000004,0.0,0.0,0.0,0.0,0.0,0.0,0.0,0.0,0.0,0.0,1.0,0.555,trust,0.555
"There are ways to arrest someone without using a CHOKEHOLD!! What’s happening in this video from Bellevue, WA (near Seattle) continues to happen in countless cities across America. It’s tragic and needs to STOP. Police brutality is a choice, plain and simple. #blacklivesmatter ","['There', 'are', 'ways', 'to', 'arrest', 'someone', 'without', 'using', 'a', 'CHOKEHOLD', 'what', 'is', 'happening', 'in', 'this', 'video', 'from', 'Bellevue', 'WA', 'near', 'Seattle', 'continues', 'to', 'happen', 'in', 'countless', 'cities', 'across', 'America', 'it', ""'s"", 'tragic', 'and', 'needs', 'to', 'STOP', 'Police', 'brutality', 'is', 'a', 'choice', 'plain', 'and', 'simple', '#blacklivesmatter']",en,1.0,0.9590000000000001,1.0,0.484,0.0,0.0,1.0,0.922,1.0,0.141,1.0,0.961,0.0,0.0,0.0,0.0,sadness,0.961
"Today, on #JUNETEENTH2020 a Fat Black Trans Woman Looks over NEW YORK !!! #BlackTransLivesMatter #BlackLivesMatter #ProudinMyCalvins @CalvinKlein","['Today', 'on', 'JUNETEENTH2020', 'a', 'Fat', 'Black', 'Trans', 'Woman', 'Looks', 'over', 'NEW', 'YORK', 'BlackTransLivesMatter', 'BlackLives', 'Matter', 'Proudin', 'MyCalvins', '@', 'CalvinKlein']",en,0.0,0.0,0.0,0.0,0.0,0.0,0.0,0.0,0.0,0.0,0.0,0.0,0.0,0.0,0.0,0.0,,0.0
Independent medical examiners determined #GeorgeFloyd’s death was due to asphyxia from sustained forceful pressure. Full statement: ,"['Independent', 'medical', 'examiners', 'determined', 'georgefloyd', 'is', 'death', 'was', 'due', 'to', 'asphyxia', 'from', 'sustained', 'forceful', 'pressure', 'Full', 'statement']",en,1.0,0.574,2.0,0.8359999999999999,1.0,0.6559999999999999,3.0,1.515,0.0,0.0,1.0,0.915,1.0,0.578,2.0,1.0550000000000002,fear,1.515
Y’all matter to us #BlackLivesMatter ,"['you', 'all', 'matter', 'to', 'us', 'BlackLives', 'Matter']",en,0.0,0.0,0.0,0.0,0.0,0.0,0.0,0.0,0.0,0.0,0.0,0.0,0.0,0.0,1.0,0.47700000000000004,trust,0.47700000000000004
Sarah Grossman DIED after getting teargassed at a Columbus #BlackLivesMatter protest fighting for justice. ANOTHER LIFE lost at the hands of police brutality… Enough is enough! #SarahGrossman https://www.thelantern.com/2020/06/columbus-looks-into-death-of-ohio-state-grad-who-attended-downtown-protests/,"['Sarah', 'Grossman', 'DIED', 'after', 'getting', 'teargassed', 'at', 'a', 'Columbus', 'BlackLives', 'Matter', 'protest', 'fighting', 'for', 'justice', 'ANOTHER', 'LIFE', 'lost', 'at', 'the', 'hands', 'of', 'police', 'brutality', 'Enough', 'is', 'enough', 'SarahGrossman']",en,2.0,1.827,0.0,0.0,0.0,0.0,2.0,1.25,0.0,0.0,1.0,0.625,0.0,0.0,2.0,1.1949999999999998,anger,1.827
A few scenes from the aftermath here in Minneapolis. #GeorgeFloyd #minneapolisriots,"['A', 'few', 'scenes', 'from', 'the', 'aftermath', 'here', 'in', 'Minneapolis', 'George', 'Floyd', '#minneapolisriots']",en,1.0,0.359,0.0,0.0,1.0,0.281,1.0,0.469,0.0,0.0,1.0,0.5,0.0,0.0,0.0,0.0,sadness,0.5
"The Market House in downtown Fayetteville is on fire. Protestors have shattered the windows and are chanting,”Black Lives Matter.” – at Market House","['The', 'Market', 'House', 'in', 'downtown', 'Fayetteville', 'is', 'on', 'fire', 'Protestors', 'have', 'shattered', 'the', 'windows', 'and', 'are', 'chanting', 'Black', 'Lives', 'Matter', 'at', 'Market', 'House']",en,0.0,0.0,0.0,0.0,0.0,0.0,1.0,0.636,0.0,0.0,1.0,0.63,0.0,0.0,0.0,0.0,fear,0.636
"I made a little series of #BLM headers to help show support, Please feel free to use them and share them, Black Lives Matter! ","['I', 'made', 'a', 'little', 'series', 'of', 'BLM', 'headers', 'to', 'help', 'show', 'support', 'Please', 'feel', 'free', 'to', 'use', 'them', 'and', 'share', 'them', 'Black', 'Lives', 'Matter']",en,0.0,0.0,1.0,0.445,0.0,0.0,1.0,0.203,2.0,0.982,0.0,0.0,0.0,0.0,3.0,1.321,trust,1.321
The president just retweeted a post attacking the character of George Floyd ,"['The', 'president', 'just', 'retweeted', 'a', 'post', 'attacking', 'the', 'character', 'of', 'George', 'Floyd']",en,1.0,0.865,0.0,0.0,1.0,0.547,1.0,0.8590000000000001,0.0,0.0,1.0,0.531,1.0,0.648,1.0,0.45299999999999996,anger,0.865
BREAKING. Some protesters have jumped the gated barrier at Lafayette Park. US Park Police push them back. The White House is behind the US Park Police l & the Secret Service. @MSNBC @nbcwashington #GeorgeFloyd – at The White House,"['BREAKING', 'Some', 'protesters', 'have', 'jumped', 'the', 'gated', 'barrier', 'at', 'Lafayette', 'Park', 'US', 'Park', 'Police', 'push', 'them', 'back', 'The', 'White', 'House', 'is', 'behind', 'the', 'US', 'Park', 'Police', 'l', '&', 'the', 'Secret', 'Service', '@MSNBC', '@nbcwashington', 'GeorgeFloyd', 'at', 'The', 'White', 'House']",en,1.0,0.287,0.0,0.0,0.0,0.0,0.0,0.0,0.0,0.0,0.0,0.0,0.0,0.0,0.0,0.0,,0.0
. @ICC and all the other boards are you guys not seeing what’s happening to ppl like me? Are you not gonna speak against the social injustice against my kind. This is not only about America. This happens everyday #BlackLivesMatter now is not the time to be silent. I wanna hear u,"['@ICC', 'and', 'all', 'the', 'other', 'boards', 'are', 'you', 'guys', 'not', 'seeing', 'what', 'is', 'happening', 'to', 'ppl', 'like', 'me', 'Are', 'you', 'not', 'gon', 'na', 'speak', 'against', 'the', 'social', 'injustice', 'against', 'my', 'kind', 'This', 'is', 'not', 'only', 'about', 'America', 'This', 'happens', 'everyday', 'BlackLives', 'Matter', 'now', 'is', 'not', 'the', 'time', 'to', 'be', 'silent', 'I', 'wan', 'na', 'hear', 'u']",en,1.0,0.5,1.0,0.516,0.0,0.0,1.0,0.281,1.0,0.621,1.0,0.312,0.0,0.0,3.0,1.4139999999999997,trust,1.4139999999999997
"Thanks for FaceTiming me from #BlackLivesMatter Plaza, Senator @KamalaHarris.","['Thanks', 'for', 'FaceTiming', 'me', 'from', 'BlackLives', 'Matter', 'Plaza', 'Senator', '@', 'KamalaHarris']",en,0.0,0.0,0.0,0.0,0.0,0.0,0.0,0.0,0.0,0.0,0.0,0.0,0.0,0.0,0.0,0.0,,0.0
"#BlackLivesMatter protest today in Stone Mountain, GA — a popular KKK gathering site. That’s 100s of armed Black men and women marching together in unity, evoking their 2nd amendment rights. ( @naomiruta)","['BlackLives', 'Matter', 'protest', 'today', 'in', 'Stone', 'Mountain', 'GA', 'a', 'popular', 'KKK', 'gathering', 'site', 'that', 'is', '100s', 'of', 'armed', 'Black', 'men', 'and', 'women', 'marching', 'together', 'in', 'unity', 'evoking', 'their', '2nd', 'amendment', 'rights', '@naomiruta']",en,1.0,0.7,0.0,0.0,0.0,0.0,1.0,0.703,1.0,0.39399999999999996,0.0,0.0,0.0,0.0,2.0,1.039,trust,1.039
Ayo this touched my heart #BlackLivesMatter ,"['Ayo', 'this', 'touched', 'my', 'heart', 'BlackLives', 'Matter']",en,0.0,0.0,0.0,0.0,0.0,0.0,0.0,0.0,1.0,0.547,0.0,0.0,0.0,0.0,0.0,0.0,joy,0.547
“THE CROWD HAS DOUBLED IN SIZE”: @abc13houston Sky eye captures a huge crowd peacefully marching to #Houston city hall for #GeorgeFloyd. Thousands are still streaming in. WOW. LIVE COVERAGE: https://abc13.com/society/live-houstonians-march-in-support-of-george-floyds-family/6226152/,"['THE', 'CROWD', 'HAS', 'DOUBLED', 'IN', 'SIZE', '@abc13houston', 'Sky', 'eye', 'captures', 'a', 'huge', 'crowd', 'peacefully', 'marching', 'to', 'Houston', 'city', 'hall', 'for', 'GeorgeFloyd', 'Thousands', 'are', 'still', 'streaming', 'in', 'WOW', 'LIVE', 'COVERAGE']",en,0.0,0.0,0.0,0.0,0.0,0.0,0.0,0.0,1.0,0.594,0.0,0.0,0.0,0.0,0.0,0.0,joy,0.594
"Members of the Central Park Five, the Black and Latino men who were wrongfully convicted as teenagers in an attack on a jogger, helped paint the words Black Lives Matter on New York’s Fifth Avenue right in front of Trump Tower. ","['Members', 'of', 'the', 'Central', 'Park', 'Five', 'the', 'Black', 'and', 'Latino', 'men', 'who', 'were', 'wrongfully', 'convicted', 'as', 'teenagers', 'in', 'an', 'attack', 'on', 'a', 'jogger', 'helped', 'paint', 'the', 'words', 'Black', 'Lives', 'Matter', 'on', 'New', 'york', 'is', 'Fifth', 'Avenue', 'right', 'in', 'front', 'of', 'Trump', 'Tower']",en,2.0,0.915,0.0,0.0,0.0,0.0,1.0,0.797,0.0,0.0,0.0,0.0,0.0,0.0,0.0,0.0,anger,0.915
"How fucked up is this: instead of honoring memory of #GeorgeFloyd videos gradually being posted showing shopkeepers-some minorities- being beaten brutally by greedy, looting rioters. Justice for Mr Floyd?","['How', 'fucked', 'up', 'is', 'this', 'instead', 'of', 'honoring', 'memory', 'of', 'GeorgeFloyd', 'videos', 'gradually', 'being', 'posted', 'showing', 'shopkeepers', 'some', 'minorities', 'being', 'beaten', 'brutally', 'by', 'greedy', 'looting', 'rioters', 'Justice', 'for', 'Mr', 'Floyd']",en,0.0,0.0,0.0,0.0,1.0,0.539,0.0,0.0,0.0,0.0,0.0,0.0,0.0,0.0,0.0,0.0,disgust,0.539
 NEW — CLERGY member who was at St. Johns Church says: “I AM SO [EXPLETIVE] OFFENDED” They had NO idea President Trump was coming... “No one knew about this stunt” A clergy member is telling me right now that President Trump “walked on holy ground””sacrilege” #GeorgeFloyd @WUSA9,"['NEW', 'CLERGY', 'member', 'who', 'was', 'at', 'St.', 'Johns', 'Church', 'says', 'I', 'AM', 'SO', 'EXPLETIVE', 'OFFENDED', 'They', 'had', 'NO', 'idea', 'President', 'Trump', 'was', 'coming', 'No', 'one', 'knew', 'about', 'this', 'stunt', 'A', 'clergy', 'member', 'is', 'telling', 'me', 'right', 'now', 'that', 'President', 'Trump', 'walked', 'on', 'holy', 'ground', 'sacrilege', 'George', 'Floyd', '@WUSA9']",en,0.0,0.0,1.0,0.633,0.0,0.0,0.0,0.0,0.0,0.0,0.0,0.0,0.0,0.0,1.0,0.39799999999999996,anticipation,0.633
Let’s all meet here soon. #BlackLivesMatter ,"['let', 'is', 'all', 'meet', 'here', 'soon', 'BlackLivesMatter']",en,0.0,0.0,0.0,0.0,0.0,0.0,0.0,0.0,0.0,0.0,0.0,0.0,0.0,0.0,0.0,0.0,,0.0
