Tweet,Affect Dimension,Intensity Score,sentiment,tweet_text,lemma_tweet_text,anger,anger_score,disgust,disgust_score,fear,fear_score,joy,joy_score,sadness,sadness_score,surprise,surprise_score,nrc_sentiment,nrc_sentiment_count,nrc_sentiment_score
@xandraaa5 @amayaallyn6 shut up hashtags are cool #offended,anger,0.562,anger,"['shut', 'up', 'hashtags', 'are', 'cool', 'offended']","[""'shut"", 'up', 'hashtag', 'be', 'cool', 'offend']",2.0,1.4020000000000001,1.0,0.42200000000000004,0.0,0.0,0.0,0.0,1.0,0.5,0.0,0.0,anger,2.0,1.4020000000000001
it makes me so fucking irate jesus. nobody is calling ppl who like hajime abusive stop with the strawmen lmao,anger,0.75,anger,"['it', 'makes', 'me', 'so', 'fucking', 'irate', 'jesus', 'nobody', 'is', 'calling', 'people', 'who', 'like', 'hajime', 'abusive', 'stop', 'with', 'the', 'strawmen', 'lmao']","['it', 'make', ""me'"", ""so'"", 'fuck', 'irate', 'jesus', 'nobody', 'be', 'call', 'people', ""who'"", 'like', 'hajime', 'abusive', 'stop', 'with', ""the'"", 'strawmen', 'lmao']",1.0,0.8440000000000001,0.0,0.0,0.0,0.0,1.0,0.594,0.0,0.0,0.0,0.0,anger,1.0,0.8440000000000001
Lol Adam the Bull with his fake outrage...,anger,0.417,anger,"['lol', 'adam', 'the', 'bull', 'with', 'his', 'fake', 'outrage']","['lol', 'adam', ""the'"", 'bull', 'with', 'he', 'fake', 'outrage']",1.0,0.848,1.0,0.469,0.0,0.0,0.0,0.0,0.0,0.0,0.0,0.0,anger,1.0,0.848
@THATSSHAWTYLO passed away early this morning in a fast and furious styled car crash as he was leaving an ATL strip club. That's rough stuff,anger,0.354,anger,"['passed', 'away', 'early', 'this', 'morning', 'in', 'a', 'fast', 'and', 'furious', 'styled', 'car', 'crash', 'as', 'he', 'was', 'leaving', 'an', 'atl', 'strip', 'club', 'that', 'is', 'rough', 'stuff']","['pass', 'away', 'early', 'this', 'morning', 'in', ""a'"", 'fast', 'and', 'furious', 'style', 'car', 'crash', 'as', 'he', 'be', 'leave', 'a', 'atl', 'strip', 'club', 'that', 'be', 'rough', 'stuff']",1.0,0.929,1.0,0.469,1.0,0.7340000000000001,1.0,0.25,4.0,1.273,2.0,0.9680000000000001,sadness,4.0,1.273
@Kristiann1125 lol wow i was gonna say really?! haha have you seen chris or nah? you dont even snap me anymore dude!,anger,0.438,anger,"['lol', 'wow', 'i', 'was', 'gon', 'na', 'say', 'really', 'haha', 'have', 'you', 'seen', 'chris', 'or', 'nah', 'you', 'do', 'nt', 'even', 'snap', 'me', 'anymore', 'dude']","['lol', 'wow', ""i'"", 'be', 'go', ""na'"", 'say', 'really', ""haha'"", 'have', 'you', 'see', 'chris', 'or', 'nah', 'you', 'do', 'not', 'even', 'snap', ""me'"", 'anymore', 'dude']",0.0,0.0,0.0,0.0,0.0,0.0,0.0,0.0,0.0,0.0,0.0,0.0,,0.0,0.0
I need a üç±sushi dateüçô @AnzalduaG üçùan olive guarded dateüßÄ @lexiereid369 and a üëäüèºRockys dateüçï ,anger,0.271,anger,"['i', 'need', 'a', 'bento_box', 'sushi', 'date', 'rice', 'ball', 'spaghetti', 'an', 'olive', 'guarded', 'date', 'cheese', 'wedge', 'and', 'a', 'oncoming', 'fist', 'medium_light_skin_tone', 'rockys', 'date', 'pizza']","['i', 'need', ""a'"", 'bento_box', 'sushi', 'date', 'rice', 'ball', 'spaghetti', 'a', ""'olive"", 'guard', 'date', 'cheese', 'wedge', 'and', 'a', 'oncoming', 'fist', 'medium_light_skin_tone', 'rockys', 'date', 'pizza']",0.0,0.0,0.0,0.0,2.0,0.531,1.0,0.344,0.0,0.0,0.0,0.0,fear,2.0,0.531
"And Republicans, you, namely Graham, Flake, Sasse and others are not safe from my wrath, hence that Hillary Hiney-Kissing ad I saw about you",anger,0.354,anger,"['and', 'republicans', 'you', 'namely', 'graham', 'flake', 'sasse', 'and', 'others', 'are', 'not', 'safe', 'from', 'my', 'wrath', 'hence', 'that', 'hillary', 'hiney', 'kissing', 'ad', 'i', 'saw', 'about', 'you']","[""and'"", 'republicans', 'you', 'namely', 'graham', 'flake', 'sasse', 'and', ""'other"", 'be', 'not', 'safe', 'from', 'my', 'wrath', 'hence', 'that', 'hillary', 'hiney', 'kissing', 'ad', 'i', 'see', 'about', 'you']",1.0,0.885,0.0,0.0,1.0,0.609,1.0,0.42200000000000004,0.0,0.0,0.0,0.0,anger,1.0,0.885
@leepg \n\nLike a rabid dog I pulled out the backs of my cupboards looking for a bakewell..Found a french fancie &amp; a mini batternburg #Winner!,anger,0.333,anger,"['like', 'a', 'rabid', 'dog', 'i', 'pulled', 'out', 'the', 'backs', 'of', 'my', 'cupboards', 'looking', 'for', 'a', 'bakewell', 'found', 'a', 'french', 'fancie', 'a', 'mini', 'batternburg', 'winner']","['like', ""a'"", 'rabid', 'dog', ""i'"", 'pull', 'out', 'the', 'back', 'of', 'my', 'cupboard', 'look', 'for', 'a', 'bakewell', 'find', 'a', 'french', 'fancie', 'a', 'mini', 'batternburg', 'winner']",1.0,0.833,1.0,0.688,1.0,0.688,2.0,0.894,1.0,0.375,1.0,0.547,joy,2.0,0.894
@MisterAK47 it's very telling that racist bigots always resort to the insult 'fag' like that's worse than being a racist bigot.,anger,0.556,anger,"['it', 'is', 'very', 'telling', 'that', 'racist', 'bigots', 'always', 'resort', 'to', 'the', 'insult', 'fag', 'like', 'that', 'is', 'worse', 'than', 'being', 'a', 'racist', 'bigot']","['it', 'be', 'very', 'tell', 'that', 'racist', 'bigot', 'always', 'resort', ""to'"", ""the'"", 'insult', 'fag', 'like', 'that', 'be', 'worse', 'than', 'be', 'a', 'racist', 'bigot']",2.0,1.206,2.0,1.252,2.0,0.906,0.0,0.0,2.0,0.9369999999999999,1.0,0.539,disgust,2.0,1.252
Follow up. Follow through. Be #relentless. #success,anger,0.125,anger,"['follow', 'up', 'follow', 'through', 'be', 'relentless', 'success']","['follow', 'up', 'follow', 'through', ""be'"", 'relentless', 'success']",0.0,0.0,0.0,0.0,0.0,0.0,1.0,0.797,0.0,0.0,0.0,0.0,joy,1.0,0.797
